Percentage served,Time in ms
0,2.049
1,8.405
2,8.573
3,8.637
4,8.681
5,8.711
6,8.736
7,8.757
8,8.776
9,8.793
10,8.808
11,8.821
12,8.836
13,8.849
14,8.860
15,8.871
16,8.882
17,8.893
18,8.903
19,8.912
20,8.922
21,8.932
22,8.940
23,8.948
24,8.956
25,8.965
26,8.973
27,8.980
28,8.989
29,8.997
30,9.005
31,9.013
32,9.021
33,9.028
34,9.036
35,9.043
36,9.051
37,9.058
38,9.066
39,9.072
40,9.080
41,9.087
42,9.094
43,9.102
44,9.110
45,9.117
46,9.125
47,9.133
48,9.141
49,9.148
50,9.155
51,9.162
52,9.170
53,9.177
54,9.184
55,9.192
56,9.200
57,9.208
58,9.215
59,9.223
60,9.231
61,9.239
62,9.248
63,9.256
64,9.265
65,9.274
66,9.282
67,9.290
68,9.299
69,9.308
70,9.318
71,9.329
72,9.338
73,9.348
74,9.360
75,9.371
76,9.383
77,9.394
78,9.405
79,9.419
80,9.432
81,9.445
82,9.460
83,9.475
84,9.492
85,9.509
86,9.529
87,9.550
88,9.574
89,9.600
90,9.627
91,9.657
92,9.696
93,9.738
94,9.802
95,9.887
96,10.024
97,10.232
98,10.549
99,19.058
100,43.920
